TGTGCCAGCAGTTCCGACAGGGAACACGGAATAGGCGAGCAGTACTTC	CASSSDREHGIGEQYF	TRBV27	TRBJ2-7
TGTGCCTGGTTGGACAGCGGCACCGGGGAGCTGTTTTTT	CAWLDSGTGELFF	TRBV5-6	TRBJ2-2
TGTGCCAGTAGGGGGTGGGTGGACGAGCAGTACTTC	CASRGWVDEQYF	TRBV19	TRBJ2-7
TGTGCCAGCAGTGAGGCGGACAGGCGGAACGGAAGGTATAGCAATCAGCCCCAGCATTTT	CASSEADRRNGRYSNQPQHF	TRBV6-1	TRBJ1-5
TGTGCCAGCAGCCGCGGCTTCGCGAACACTGAAGCTTTCTTT	CASSRGFANTEAFF	TRBV11-3	TRBJ1-1
TGTGCCAGCAGTTCCGGGGGGCCCTACGAGCAGTACTTC	CASSSGGPYEQYF	TRBV28	TRBJ2-7
TGTGCCAGCAGTGGGACAGGGGGGATACCCTACGAGCAGTACTTC	CASSGTGGIPYEQYF	TRBV6-4	TRBJ2-7
TGTGCCAGCAGAGGTTCGAGAACAGGGTCAAGCTACGAGCAGTACTTC	CASRGSRTGSSYEQYF	TRBV28	TRBJ2-7
TGCGCCAGCAGCTTGGGTGGGGTCCGCCCCTCTGGGGCCAACGTCCTGACTTTC	CASSLGGVRPSGANVLTF	TRBV5-1	TRBJ2-6
TGTGCCTGGAGTGCATCGGGGGGCGTATCCCCCTACAATGAGCAGTTCTTC	CAWSASGGVSPYNEQFF	TRBV30	TRBJ2-1
