TGTGCCAGCAGCTTAGTTCGACAGGTATCGAACACTGAAGCTTTCTTT	CASSLVRQVSNTEAFF	TRBV11-2	TRBJ1-1
TGTGCCAGCAGTGACTCCTGGGGGACGAGCTCCTACGAGCAGTACTTC	CASSDSWGTSSYEQYF	TRBV6-1	TRBJ2-7
TGCGCCAGCAGGACACGCTCCTACGAGCAGTACTTC	CASRTRSYEQYF	TRBV4-3	TRBJ2-7
TGCAGTGCTAGACACGAGGGGTACTTC	CSARHEGYF	TRBV20-1	TRBJ1-2
TGTGCCAGCAGTGTGGAAGCCGGGACAGAGGGCAATCAGCCCCAGCATTTT	CASSVEAGTEGNQPQHF	TRBV25-1	TRBJ1-5
TGTGCCAGCAGCTTAAACTATCACGACAGGGTTCGTTACGAGCAGTACTTC	CASSLNYHDRVRYEQYF	TRBV5-6	TRBJ2-7
TGCGCCAGCAGCTTCAATAACATCCGGGGGCGTACTGAAAAACTGTTTTTT	CASSFNNIRGRTEKLFF	TRBV5-1	TRBJ1-4
TGTGCCAGCAGCGGCACAGGGGTCAACACTGAAGCTTTCTTT	CASSGTGVNTEAFF	TRBV28	TRBJ1-1
TGTGCCAGCAGCTTAGTTCGTGGGGGACAGGGTTCTGAACAAAATGAAAAACTGTTTTTT	CASSLVRGGQGSEQNEKLFF	TRBV11-3	TRBJ1-4
TGTGCCAGCAGCTTAGACCGGGCGGGTCCGGGGCGCCGGACCGCCGGGGCCGAGCAGTACTTC	CASSLDRAGPGRRTAGAEQYF	TRBV7-2	TRBJ2-7
