TGTGCCAGCAGCAAGGGAACTAGCGGGAGAACCTACGAGCAGTACTTC	CASSKGTSGRTYEQYF	TRBV13	TRBJ2-7
TGTGCCAGCAGCTCTAAGAAAAATGAGCAGTTCTTC	CASSSKKNEQFF	TRBV7-2	TRBJ2-1
TGTGCCAGCAGTTTACCACCCCCCTGGGGCGAAGCTTTCTTT	CASSLPPPWGEAFF	TRBV12-3	TRBJ1-1
TGTGCCAGCAGTGAACTTGCAGGGGTGAATAAAACCGGGGAGCTGTTTTTT	CASSELAGVNKTGELFF	TRBV6-4	TRBJ2-2
TGTGCCAGCAGTGACCGGCATCTGGGGGCCTACGAGCAGTACTTC	CASSDRHLGAYEQYF	TRBV27	TRBJ2-7
TGTGCCAGCAGTTTCGGGGACAGCCATATCAGGGGGGAGACCCAGTACTTC	CASSFGDSHIRGETQYF	TRBV28	TRBJ2-5
TGTGCCTGGCGGATCCCCCCATCCCGGGGCTACGAGCAGTACTTC	CAWRIPPSRGYEQYF	TRBV30	TRBJ2-7
TGTGCCAGCAGCCAAGGACCAGACAGGGGCTACGAGCAGTACTTC	CASSQGPDRGYEQYF	TRBV4-2	TRBJ2-7
TGTGCCAGCAGCTTAGTCAGTAAGACTAGCGGGGGGGCAGCGACCCAGTACTTC	CASSLVSKTSGGAATQYF	TRBV11-1	TRBJ2-5
TGTGCCACCAGTGATATACGACTAGCGGTGGGGTGCCAAGAGACCCAGTACTTC	CATSDIRLAVGCQETQYF	TRBV24-1	TRBJ2-5
