TGTGCCAGCAGTTTGCTTGGGGGCGCTAGAACTAATGAAAAACTGTTTTTT	CASSLLGGARTNEKLFF	TRBV12-3	TRBJ1-4
TGTGCCAGCAAAACCATCGGCAGCTCCTACAATGAGCAGTTCTTC	CASKTIGSSYNEQFF	TRBV6-4	TRBJ2-1
TGCGCCAGCAGCGAGGGTTCGGGGGGGGGGCCCCAGCATTTT	CASSEGSGGGPQHF	TRBV5-1	TRBJ1-5
TGTGCCAGCAGCACAGTGGGGGGGCGGGACTCCTACGAGCAGTACTTC	CASSTVGGRDSYEQYF	TRBV5-4	TRBJ2-7
TGTGCCAGCAGTAATGAAAAAAAGGGGCTCCTGGAGCAGTACTTC	CASSNEKKGLLEQYF	TRBV6-5	TRBJ2-7
TGCAGTGCTAGAGACACAGCCAGCTATGGCTACACCTTC	CSARDTASYGYTF	TRBV20-1	TRBJ1-2
TGTGCCAGCAGCTTAGTGGAGGGGTTTGAGCAGTACTTC	CASSLVEGFEQYF	TRBV7-9	TRBJ2-7
TGCGCCAGCCGGGGGGGGGATAATGAAAAACTGTTTTTT	CASRGGDNEKLFF	TRBV10-1	TRBJ1-4
TGTGCCTGGACCTCCTTAACAGGGAATATGAACACTGAAGCTTTCTTT	CAWTSLTGNMNTEAFF	TRBV30	TRBJ1-1
TGTGCCAGCAGTGACCGAGGGGGACGGTATCAGCCCCAGCATTTT	CASSDRGGRYQPQHF	TRBV6-4	TRBJ1-5
