filename,subject_id
rep_1.tsv,sim_1
rep_2.tsv,sim_2
rep_3.tsv,sim_3
rep_4.tsv,sim_4
rep_5.tsv,sim_5
rep_6.tsv,sim_6
rep_7.tsv,sim_7
rep_8.tsv,sim_8
rep_9.tsv,sim_9
rep_10.tsv,sim_10
rep_11.tsv,sim_11
rep_12.tsv,sim_12
rep_13.tsv,sim_13
rep_14.tsv,sim_14
rep_15.tsv,sim_15
rep_16.tsv,sim_16
rep_17.tsv,sim_17
rep_18.tsv,sim_18
rep_19.tsv,sim_19
rep_20.tsv,sim_20
rep_21.tsv,sim_21
rep_22.tsv,sim_22
rep_23.tsv,sim_23
rep_24.tsv,sim_24
rep_25.tsv,sim_25
rep_26.tsv,sim_26
rep_27.tsv,sim_27
rep_28.tsv,sim_28
rep_29.tsv,sim_29
rep_30.tsv,sim_30
rep_31.tsv,sim_31
rep_32.tsv,sim_32
rep_33.tsv,sim_33
rep_34.tsv,sim_34
rep_35.tsv,sim_35
rep_36.tsv,sim_36
rep_37.tsv,sim_37
rep_38.tsv,sim_38
rep_39.tsv,sim_39
rep_40.tsv,sim_40
rep_41.tsv,sim_41
rep_42.tsv,sim_42
rep_43.tsv,sim_43
rep_44.tsv,sim_44
rep_45.tsv,sim_45
rep_46.tsv,sim_46
rep_47.tsv,sim_47
rep_48.tsv,sim_48
rep_49.tsv,sim_49
rep_50.tsv,sim_50
rep_51.tsv,sim_51
rep_52.tsv,sim_52
rep_53.tsv,sim_53
rep_54.tsv,sim_54
rep_55.tsv,sim_55
rep_56.tsv,sim_56
rep_57.tsv,sim_57
rep_58.tsv,sim_58
rep_59.tsv,sim_59
rep_60.tsv,sim_60
rep_61.tsv,sim_61
rep_62.tsv,sim_62
rep_63.tsv,sim_63
rep_64.tsv,sim_64
rep_65.tsv,sim_65
rep_66.tsv,sim_66
rep_67.tsv,sim_67
rep_68.tsv,sim_68
rep_69.tsv,sim_69
rep_70.tsv,sim_70
rep_71.tsv,sim_71
rep_72.tsv,sim_72
rep_73.tsv,sim_73
rep_74.tsv,sim_74
rep_75.tsv,sim_75
rep_76.tsv,sim_76
rep_77.tsv,sim_77
rep_78.tsv,sim_78
rep_79.tsv,sim_79
rep_80.tsv,sim_80
rep_81.tsv,sim_81
rep_82.tsv,sim_82
rep_83.tsv,sim_83
rep_84.tsv,sim_84
rep_85.tsv,sim_85
rep_86.tsv,sim_86
rep_87.tsv,sim_87
rep_88.tsv,sim_88
rep_89.tsv,sim_89
rep_90.tsv,sim_90
rep_91.tsv,sim_91
rep_92.tsv,sim_92
rep_93.tsv,sim_93
rep_94.tsv,sim_94
rep_95.tsv,sim_95
rep_96.tsv,sim_96
rep_97.tsv,sim_97
rep_98.tsv,sim_98
rep_99.tsv,sim_99
rep_100.tsv,sim_100
rep_101.tsv,sim_101
rep_102.tsv,sim_102
rep_103.tsv,sim_103
rep_104.tsv,sim_104
rep_105.tsv,sim_105
rep_106.tsv,sim_106
rep_107.tsv,sim_107
rep_108.tsv,sim_108
rep_109.tsv,sim_109
rep_110.tsv,sim_110
rep_111.tsv,sim_111
rep_112.tsv,sim_112
rep_113.tsv,sim_113
rep_114.tsv,sim_114
rep_115.tsv,sim_115
rep_116.tsv,sim_116
rep_117.tsv,sim_117
rep_118.tsv,sim_118
rep_119.tsv,sim_119
rep_120.tsv,sim_120
rep_121.tsv,sim_121
rep_122.tsv,sim_122
rep_123.tsv,sim_123
rep_124.tsv,sim_124
rep_125.tsv,sim_125
rep_126.tsv,sim_126
rep_127.tsv,sim_127
rep_128.tsv,sim_128
rep_129.tsv,sim_129
rep_130.tsv,sim_130
rep_131.tsv,sim_131
rep_132.tsv,sim_132
rep_133.tsv,sim_133
rep_134.tsv,sim_134
rep_135.tsv,sim_135
rep_136.tsv,sim_136
rep_137.tsv,sim_137
rep_138.tsv,sim_138
rep_139.tsv,sim_139
rep_140.tsv,sim_140
rep_141.tsv,sim_141
rep_142.tsv,sim_142
rep_143.tsv,sim_143
rep_144.tsv,sim_144
rep_145.tsv,sim_145
rep_146.tsv,sim_146
rep_147.tsv,sim_147
rep_148.tsv,sim_148
rep_149.tsv,sim_149
rep_150.tsv,sim_150
rep_151.tsv,sim_151
rep_152.tsv,sim_152
rep_153.tsv,sim_153
rep_154.tsv,sim_154
rep_155.tsv,sim_155
rep_156.tsv,sim_156
rep_157.tsv,sim_157
rep_158.tsv,sim_158
rep_159.tsv,sim_159
rep_160.tsv,sim_160
rep_161.tsv,sim_161
rep_162.tsv,sim_162
rep_163.tsv,sim_163
rep_164.tsv,sim_164
rep_165.tsv,sim_165
rep_166.tsv,sim_166
rep_167.tsv,sim_167
rep_168.tsv,sim_168
rep_169.tsv,sim_169
rep_170.tsv,sim_170
rep_171.tsv,sim_171
rep_172.tsv,sim_172
rep_173.tsv,sim_173
rep_174.tsv,sim_174
rep_175.tsv,sim_175
rep_176.tsv,sim_176
rep_177.tsv,sim_177
rep_178.tsv,sim_178
rep_179.tsv,sim_179
rep_180.tsv,sim_180
rep_181.tsv,sim_181
rep_182.tsv,sim_182
rep_183.tsv,sim_183
rep_184.tsv,sim_184
rep_185.tsv,sim_185
rep_186.tsv,sim_186
rep_187.tsv,sim_187
rep_188.tsv,sim_188
rep_189.tsv,sim_189
rep_190.tsv,sim_190
rep_191.tsv,sim_191
rep_192.tsv,sim_192
rep_193.tsv,sim_193
rep_194.tsv,sim_194
rep_195.tsv,sim_195
rep_196.tsv,sim_196
rep_197.tsv,sim_197
rep_198.tsv,sim_198
rep_199.tsv,sim_199
rep_200.tsv,sim_200
