TGCAGTGCGGTACCTGGGGGGCGGGACTGGAATCAGCCCCAGCATTTT	CSAVPGGRDWNQPQHF	TRBV20-1	TRBJ1-5
TGTGCCAGCAGCTACCTCCCAAAGGGGGCCGGGGGGACTGATCAGCCCCAGCATTTT	CASSYLPKGAGGTDQPQHF	TRBV13	TRBJ1-5
TGTGCCAGCAGCGGACAGCGTGAGCAGTACTTC	CASSGQREQYF	TRBV13	TRBJ2-7
TGTGCCCCTACCTTAGCGGGCGGGTCTACAGATACGCAGTATTTT	CAPTLAGGSTDTQYF	TRBV6-2	TRBJ2-3
TGTGCCAGCAGCGTAGTCCTAACCAATAATGAGCAGTTCTTC	CASSVVLTNNEQFF	TRBV9	TRBJ2-1
TGTGCCATCAGGGGGGGGGGGGGGACCCAGTACTTC	CAIRGGGGTQYF	TRBV10-3	TRBJ2-5
TGTGCCAGCAGACCTACCGGGACAGGGGGGGGATACAATGAGCAGTTCTTC	CASRPTGTGGGYNEQFF	TRBV27	TRBJ2-1
TGTGCCAGCAGCGGTTGTCCGAGGGCCGACCCCAGGACATGGACAGATACGCAGTATTTT	CASSGCPRADPRTWTDTQYF	TRBV7-3	TRBJ2-3
TGTGCCAGCAGCTTGTTCAGGGGGCGGTCACCCCTCCACTTT	CASSLFRGRSPLHF	TRBV5-6	TRBJ1-6
TGTGCCAGCAGCTTCCCGGGGGGGTGCGAGCAGTACTTC	CASSFPGGCEQYF	TRBV7-2	TRBJ2-7
