TGTGCCAGCATCAAGCGACAGGGCCTAGAGGTCTACGAGCAGTACTTC	CASIKRQGLEVYEQYF	TRBV27	TRBJ2-7
TGTGCCAGCAGTTTATCAAGACAGGGCGGGAGCTCCTACGAGCAGTACTTC	CASSLSRQGGSSYEQYF	TRBV28	TRBJ2-7
TGTGCCAGCAATCTTGGGAGGGGGGCCTGGAGCACCGGGGAGCTGTTTTTT	CASNLGRGAWSTGELFF	TRBV7-2	TRBJ2-2
TGTGCCAGCAGCGGTCCACGGGACAGGGGGCAGGTTGAGACCCAGTACTTC	CASSGPRDRGQVETQYF	TRBV13	TRBJ2-5
TGTGCCAGCATGCCGGGGTGGTCGAATGGCTACACCTTC	CASMPGWSNGYTF	TRBV27	TRBJ1-2
TGTGCCAGCAGCGGACCTGCCGACACCGGGGAGCTGTTTTTT	CASSGPADTGELFF	TRBV7-3	TRBJ2-2
TGTGCCAGCAGCTTGGGGACGGAGGACAGGGATAGCAATCAGCCCCAGCATTTT	CASSLGTEDRDSNQPQHF	TRBV5-4	TRBJ1-5
TGTGCCAGCAGTAGATGGACAGGGGGCTACACCTTC	CASSRWTGGYTF	TRBV27	TRBJ1-2
TGTGCCAGCAGCCTTTACGGTATCCCGGGACGGCAGATGAACACTGAAGCTTTCTTT	CASSLYGIPGRQMNTEAFF	TRBV7-8	TRBJ1-1
TGTGCCAGCAGTGGAAGAGCGGGACAGCGAAACACTGAAGCTTTCTTT	CASSGRAGQRNTEAFF	TRBV6-1	TRBJ1-1
